individual,metric,mean,std,median,iqr,q1,q3
best_fitness,train_rmse,120.27633,27.337987577409823,115.881955,26.90947,104.91407000000001,131.82354
best_fitness,val_rmse,129.38413933333334,32.24898665924633,125.120385,43.37992000000001,107.0738975,150.4538175
best_fitness,test_rmse,128.08285533333333,31.300692448775294,128.72448,23.733537499999997,117.75389,141.4874275
best_fitness,nodes,42.266666666666666,7.172424845261157,40.0,4.0,39.0,43.0
best_fitness,depth,15.0,0.0,15.0,0.0,15.0,15.0
best_normalized,train_rmse,120.73642766666667,27.374885584368258,116.31343000000001,26.69808999999998,105.57817,132.27625999999998
best_normalized,val_rmse,129.80526633333335,32.29644702451953,125.54385500000001,43.27985749999999,107.592635,150.8724925
best_normalized,test_rmse,128.52672766666666,31.36444408160723,129.443355,24.774389999999997,117.83818000000001,142.61257
best_normalized,nodes,35.2,6.712828685846023,35.0,4.0,31.0,35.0
best_normalized,depth,13.533333333333333,0.507416263404925,14.0,1.0,13.0,14.0
smallest,train_rmse,121.2740223333333,27.30010155267593,117.06001499999999,26.826062500000006,105.9964075,132.82247
smallest,val_rmse,130.29514133333336,32.238084093574656,125.711075,42.806105,108.57089500000001,151.377
smallest,test_rmse,129.04022066666667,31.373320131874618,130.07759,25.502817499999992,117.90303,143.4058475
smallest,nodes,28.933333333333334,6.20307673010259,27.0,3.5,27.0,30.5
smallest,depth,12.0,0.6432675209026769,12.0,0.0,12.0,12.0
