individual,metric,mean,std,median,iqr,q1,q3
best_fitness,train_rmse,12.161301666666665,1.7003910059891667,11.92553,0.6382749999999984,11.3822375,12.020512499999999
best_fitness,val_rmse,12.214695333333335,1.734938448684073,11.8213,0.7576924999999992,11.350435000000001,12.1081275
best_fitness,test_rmse,12.177680666666667,1.7581869632094138,11.732534999999999,0.8109474999999993,11.3915375,12.202485
best_fitness,nodes,52.46666666666667,12.113638177073701,49.0,11.5,45.5,57.0
best_fitness,depth,15.0,0.0,15.0,0.0,15.0,15.0
best_normalized,train_rmse,12.321131666666666,1.731804659323836,12.057925000000001,0.6850775000000002,11.5211425,12.20622
best_normalized,val_rmse,12.364745,1.7479440148036582,11.97104,0.726682499999999,11.5336025,12.260285
best_normalized,test_rmse,12.332834666666667,1.7866925639229239,11.842375,0.8698750000000004,11.44432,12.314195
best_normalized,nodes,41.266666666666666,12.088562087086013,39.0,7.5,35.0,42.5
best_normalized,depth,13.666666666666666,0.6064784348631226,14.0,1.0,13.0,14.0
smallest,train_rmse,12.586574666666666,1.7812018429172911,12.360050000000001,0.8410399999999996,11.7048975,12.545937499999999
smallest,val_rmse,12.620188666666667,1.771451493948382,12.24576,0.8477575000000002,11.759355,12.6071125
smallest,test_rmse,12.589355333333334,1.8324516445569685,12.1013,0.9763824999999997,11.646347500000001,12.62273
smallest,nodes,34.666666666666664,12.329760277708042,31.0,7.0,29.0,36.0
smallest,depth,12.233333333333333,0.6789105539243627,12.0,1.0,12.0,13.0
