individual,metric,mean,std,median,iqr,q1,q3
best_fitness,train_rmse,952.8614663333335,576.7646741605922,1074.756895,70.43114999999989,1037.6139875,1108.0451374999998
best_fitness,val_rmse,943.2009799999997,565.403090819428,1063.3974600000001,148.07798749999995,976.5916599999999,1124.6696474999999
best_fitness,test_rmse,969.94817,589.5096087924624,1077.8753649999999,174.13615749999997,987.98799,1162.1241475
best_fitness,nodes,53.6,11.67549747887902,53.0,10.0,47.0,57.0
best_fitness,depth,15.0,0.0,15.0,0.0,15.0,15.0
best_normalized,train_rmse,953.5108400000001,576.8553178912524,1075.1290250000002,70.50381000000016,1038.3090825,1108.8128925
best_normalized,val_rmse,943.8592496666665,565.4920489213292,1064.207035,147.91181499999993,977.325,1125.236815
best_normalized,test_rmse,970.6080353333333,589.5839732729803,1078.67029,173.80317749999995,988.8871325,1162.69031
best_normalized,nodes,43.333333333333336,11.06823143625199,41.0,8.0,37.0,45.0
best_normalized,depth,13.866666666666667,0.6288102248298564,14.0,0.0,14.0,14.0
smallest,train_rmse,954.5670333333333,577.0272930983608,1076.14398,70.59420750000004,1039.5159925,1110.1102
smallest,val_rmse,944.9200143333335,565.6559702710716,1065.67706,148.1413500000001,978.554875,1126.6962250000001
smallest,test_rmse,971.6732039999999,589.7453380817514,1080.10132,174.2742475,989.603805,1163.8780525
smallest,nodes,35.6,11.118794278468172,33.0,7.0,29.5,36.5
smallest,depth,12.133333333333333,0.7302967433402213,12.0,1.0,12.0,13.0
