individual,metric,mean,std,median,iqr,q1,q3
best_fitness,train_rmse,36.786943,4.216816506840979,36.957390000000004,6.166380000000004,32.8170625,38.9834425
best_fitness,val_rmse,38.883559000000005,6.638099066994256,37.978085,7.033492500000001,34.43982,41.4733125
best_fitness,test_rmse,38.83345633333333,5.408851596148849,38.042114999999995,4.833872499999998,35.225997500000005,40.059870000000004
best_fitness,nodes,42.333333333333336,6.753458032911646,39.0,4.0,39.0,43.0
best_fitness,depth,15.0,0.0,15.0,0.0,15.0,15.0
best_normalized,train_rmse,37.24650466666667,4.276982834720606,37.507115,5.868000000000002,33.539925,39.407925
best_normalized,val_rmse,39.223046999999994,6.498603532562632,38.230335,6.857334999999999,35.212795,42.07013
best_normalized,test_rmse,39.286534333333336,5.395643123385362,38.627365,5.201172499999998,35.511575,40.7127475
best_normalized,nodes,34.93333333333333,7.114498714176775,31.0,4.0,31.0,35.0
best_normalized,depth,13.166666666666666,0.3790490217894517,13.0,0.0,13.0,13.0
smallest,train_rmse,37.610674,4.308835328030869,37.94403,5.927832499999994,33.999700000000004,39.9275325
smallest,val_rmse,39.514182999999996,6.42283931736615,38.519555,6.4889174999999994,35.692065,42.1809825
smallest,test_rmse,39.65480566666667,5.40140376100681,38.945620000000005,5.118242500000001,36.220864999999996,41.3391075
smallest,nodes,30.266666666666666,6.356822744288127,27.0,4.0,27.0,31.0
smallest,depth,12.0,0.3713906763541037,12.0,0.0,12.0,12.0
