individual,metric,mean,std,median,iqr,q1,q3
best_fitness,train_rmse,7.291126333333334,2.7806515353314705,7.8285599999999995,5.222745,4.2355149999999995,9.45826
best_fitness,val_rmse,7.476966666666668,2.9780950075050385,7.622109999999999,5.4953,4.2366150000000005,9.731915
best_fitness,test_rmse,7.306185666666666,2.7987518366040183,7.78299,5.225922499999999,4.24966,9.4755825
best_fitness,nodes,51.8,7.765529491017472,51.0,9.0,47.0,56.0
best_fitness,depth,14.966666666666667,0.18257418583505533,15.0,0.0,15.0,15.0
best_normalized,train_rmse,7.610001000000001,2.9421150092107387,8.085595,5.55278,4.36703,9.91981
best_normalized,val_rmse,7.804369666666668,3.1651940637399103,7.779254999999999,5.8706475,4.3755975000000005,10.246245
best_normalized,test_rmse,7.6266033333333345,2.9745169693655606,8.076,5.5724624999999985,4.510282500000001,10.082745
best_normalized,nodes,39.6,6.262091751439632,40.0,4.0,37.0,41.0
best_normalized,depth,13.633333333333333,0.8899179866642238,14.0,1.0,13.0,14.0
smallest,train_rmse,8.065926999999999,3.1915433157407267,8.449755,6.0465624999999985,4.689807500000001,10.736369999999999
smallest,val_rmse,8.290861999999999,3.438857265127473,8.028025,6.3851249999999995,4.63014,11.015265
smallest,test_rmse,8.090533666666667,3.219005427816747,8.160675,6.1539675,4.649735,10.8037025
smallest,nodes,32.333333333333336,5.996167358280266,32.0,7.5,29.0,36.5
smallest,depth,12.233333333333333,1.2228664272317622,12.0,1.0,12.0,13.0
