individual,metric,mean,std,median,iqr,q1,q3
best_fitness,train_rmse,50.30313233333333,13.082204964894679,52.64935,27.1892275,35.12643,62.3156575
best_fitness,val_rmse,49.83258566666667,13.078535753996178,50.870245,26.5944425,35.593395,62.1878375
best_fitness,test_rmse,49.77869199999999,13.366420378221454,52.232744999999994,25.806065000000004,35.17823,60.984295
best_fitness,nodes,60.666666666666664,8.930124659643985,60.0,12.0,55.0,67.0
best_fitness,depth,15.0,0.0,15.0,0.0,15.0,15.0
best_normalized,train_rmse,51.063625,13.319391012986511,52.91456,27.828097500000005,35.830412499999994,63.65851
best_normalized,val_rmse,50.587261,13.329316346407618,51.30175,27.193797500000002,36.194644999999994,63.3884425
best_normalized,test_rmse,50.541218333333326,13.586970115641115,52.710615000000004,26.902897499999995,35.6696,62.5724975
best_normalized,nodes,45.06666666666667,6.632903006893028,45.0,6.0,43.0,49.0
best_normalized,depth,13.933333333333334,0.5208304597621878,14.0,0.0,14.0,14.0
smallest,train_rmse,52.07273366666666,13.671291919846439,52.953505,29.110467500000006,36.423415,65.5338825
smallest,val_rmse,51.59956966666666,13.69213874437684,52.04751,28.513432499999993,36.8799525,65.393385
smallest,test_rmse,51.546765666666666,13.920484270967973,53.034315,27.972955,36.28111,64.254065
smallest,nodes,35.93333333333333,6.596411424264024,35.0,7.5,31.5,39.0
smallest,depth,12.533333333333333,0.7760791522613608,12.5,1.0,12.0,13.0
